ID,Title,Description,Category,Price,Min_Price,Zip_Code,Photo_Paths,Status,Marketplace_URL,Notes
1,Hudsons Bay 6-Point Wool Blanket - Like New,"Classic Hudsons Bay 6-point wool blanket in excellent, like-new condition. Iconic multi-stripe design, heavy-duty warmth, and perfect for collectors, cabin decor, or everyday use.",Home Goods ; Bedding,250,175,18614,"https://mikethemerchant.github.io/marketplaceimages/1_1.jpg,https://mikethemerchant.github.io/marketplaceimages/1_2.jpg,https://mikethemerchant.github.io/marketplaceimages/1_3.jpg,https://mikethemerchant.github.io/marketplaceimages/1_4.jpg,https://mikethemerchant.github.io/marketplaceimages/1_5.jpg",Draft,,
2,Ben Pearson Fiberglass Breakdown Recurve Bow and arrows kit,"Vintage Ben Pearson fiberglass recurve bow in great condition. Perfect for collectors or archery enthusiasts. Lightweight, durable, and ready for target practice or display.  Including breakdown arrows arm guard and release.",Sports & Outdoors ; Archery Equipment,100,30,18614,"https://mikethemerchant.github.io/marketplaceimages/2_1.jpg,https://mikethemerchant.github.io/marketplaceimages/2_2.jpg,https://mikethemerchant.github.io/marketplaceimages/2_3.jpg,https://mikethemerchant.github.io/marketplaceimages/2_4.jpg,https://mikethemerchant.github.io/marketplaceimages/2_5.jpg,https://mikethemerchant.github.io/marketplaceimages/2_6.jpg,https://mikethemerchant.github.io/marketplaceimages/2_7.jpg,https://mikethemerchant.github.io/marketplaceimages/2_8.jpg,https://mikethemerchant.github.io/marketplaceimages/2_9.jpg,https://mikethemerchant.github.io/marketplaceimages/2_10.jpg,https://mikethemerchant.github.io/marketplaceimages/2_11.jpg,https://mikethemerchant.github.io/marketplaceimages/2_12.jpg,https://mikethemerchant.github.io/marketplaceimages/2_13.jpg,https://mikethemerchant.github.io/marketplaceimages/2_14.jpg,https://mikethemerchant.github.io/marketplaceimages/2_15.jpg,https://mikethemerchant.github.io/marketplaceimages/2_16.jpg,https://mikethemerchant.github.io/marketplaceimages/2_17.jpg,https://mikethemerchant.github.io/marketplaceimages/2_18.jpg",Draft,,
5,Trapper Pack full kit many traps and tools,"Foot hold traps, all in good. Strong, durable, and ready for use. Trapper backpack.  Digging tools.  Two books on trapping.",Sports & Outdoors ; Hunting Equipment ; Traps,50,30,18614,"https://mikethemerchant.github.io/marketplaceimages/5_1.jpg,https://mikethemerchant.github.io/marketplaceimages/5_2.jpg,https://mikethemerchant.github.io/marketplaceimages/5_3.jpg,https://mikethemerchant.github.io/marketplaceimages/5_4.jpg,https://mikethemerchant.github.io/marketplaceimages/5_5.jpg,https://mikethemerchant.github.io/marketplaceimages/5_6.jpg,https://mikethemerchant.github.io/marketplaceimages/5_7.jpg,https://mikethemerchant.github.io/marketplaceimages/5_8.jpg,https://mikethemerchant.github.io/marketplaceimages/5_9.jpg,https://mikethemerchant.github.io/marketplaceimages/5_10.jpg,https://mikethemerchant.github.io/marketplaceimages/5_11.jpg,https://mikethemerchant.github.io/marketplaceimages/5_12.jpg,https://mikethemerchant.github.io/marketplaceimages/5_13.jpg,https://mikethemerchant.github.io/marketplaceimages/5_14.jpg,https://mikethemerchant.github.io/marketplaceimages/5_15.jpg",Draft,,
7,Alpine German Military Oil-Filled Compass - Like New,"Precision Alpine German oil-filled compass in excellent condition. Rugged design, great for hiking, orienteering, and survival kits.",Camping & Hiking ; Navigation Gear,30,10,18614,"https://mikethemerchant.github.io/marketplaceimages/7_1.jpg,https://mikethemerchant.github.io/marketplaceimages/7_2.jpg,https://mikethemerchant.github.io/marketplaceimages/7_3.jpg,https://mikethemerchant.github.io/marketplaceimages/7_4.jpg,https://mikethemerchant.github.io/marketplaceimages/7_5.jpg,https://mikethemerchant.github.io/marketplaceimages/7_6.jpg,https://mikethemerchant.github.io/marketplaceimages/7_7.jpg",Draft,,
11,Pathfinder Tomahawk - Survival Axe / Bushcraft Tool,"Heavy-duty Pathfinder tomahawk in excellent condition. Rugged build for chopping, camping, and bushcraft.",Camping & Hiking ; Tools,225,175,18614,"https://mikethemerchant.github.io/marketplaceimages/11_1.jpg,https://mikethemerchant.github.io/marketplaceimages/11_2.jpg,https://mikethemerchant.github.io/marketplaceimages/11_3.jpg,https://mikethemerchant.github.io/marketplaceimages/11_4.jpg,https://mikethemerchant.github.io/marketplaceimages/11_5.jpg,https://mikethemerchant.github.io/marketplaceimages/11_6.jpg,https://mikethemerchant.github.io/marketplaceimages/11_7.jpg,https://mikethemerchant.github.io/marketplaceimages/11_8.jpg,https://mikethemerchant.github.io/marketplaceimages/11_9.jpg,https://mikethemerchant.github.io/marketplaceimages/11_10.jpg,https://mikethemerchant.github.io/marketplaceimages/11_11.jpg,https://mikethemerchant.github.io/marketplaceimages/11_12.jpg,https://mikethemerchant.github.io/marketplaceimages/11_13.jpg,https://mikethemerchant.github.io/marketplaceimages/11_14.jpg,https://mikethemerchant.github.io/marketplaceimages/11_15.jpg,https://mikethemerchant.github.io/marketplaceimages/11_16.jpg,https://mikethemerchant.github.io/marketplaceimages/11_17.jpg,https://mikethemerchant.github.io/marketplaceimages/11_18.jpg,https://mikethemerchant.github.io/marketplaceimages/11_19.jpg,https://mikethemerchant.github.io/marketplaceimages/11_20.jpg,https://mikethemerchant.github.io/marketplaceimages/11_21.jpg,https://mikethemerchant.github.io/marketplaceimages/11_22.jpg",Draft,,
12,Neoprene Fly Fishing Waders with Boots - Size 10.5,"Neoprene chest waders with dettached boots, excellent for fly fishing. Good, like-new condition.",Sports & Outdoors ; Fishing Gear ; Waders,75,20,18614,"https://mikethemerchant.github.io/marketplaceimages/12_1.jpg,https://mikethemerchant.github.io/marketplaceimages/12_2.jpg,https://mikethemerchant.github.io/marketplaceimages/12_3.jpg,https://mikethemerchant.github.io/marketplaceimages/12_4.jpg,https://mikethemerchant.github.io/marketplaceimages/12_5.jpg,https://mikethemerchant.github.io/marketplaceimages/12_6.jpg,https://mikethemerchant.github.io/marketplaceimages/12_7.jpg,https://mikethemerchant.github.io/marketplaceimages/12_8.jpg,https://mikethemerchant.github.io/marketplaceimages/12_9.jpg,https://mikethemerchant.github.io/marketplaceimages/12_10.jpg",Draft,,
13,Pathfinder Sling Bow - Survival Archery Tool,"Pathfinder sling bow in excellent, like-new condition. Compact and powerful design for hunting, fishing, or survival.",Sports & Outdoors ; Archery Equipment,150,80,18614,"https://mikethemerchant.github.io/marketplaceimages/13_1.jpg,https://mikethemerchant.github.io/marketplaceimages/13_2.jpg,https://mikethemerchant.github.io/marketplaceimages/13_3.jpg,https://mikethemerchant.github.io/marketplaceimages/13_4.jpg,https://mikethemerchant.github.io/marketplaceimages/13_5.jpg,https://mikethemerchant.github.io/marketplaceimages/13_6.jpg,https://mikethemerchant.github.io/marketplaceimages/13_7.jpg,https://mikethemerchant.github.io/marketplaceimages/13_8.jpg",Draft,,
14,"Crusader Canteen Set - Canteen, Nesting Cup, Lid & Stove","Complete Crusader canteen kit including bottle, nesting cup, lid, and stove. Durable, military-style survival set.",Camping & Hiking ; Cooking Gear,45,25,18614,"https://mikethemerchant.github.io/marketplaceimages/14_1.jpg,https://mikethemerchant.github.io/marketplaceimages/14_2.jpg,https://mikethemerchant.github.io/marketplaceimages/14_3.jpg,https://mikethemerchant.github.io/marketplaceimages/14_4.jpg,https://mikethemerchant.github.io/marketplaceimages/14_5.jpg,https://mikethemerchant.github.io/marketplaceimages/14_6.jpg,https://mikethemerchant.github.io/marketplaceimages/14_7.jpg,https://mikethemerchant.github.io/marketplaceimages/14_8.jpg,https://mikethemerchant.github.io/marketplaceimages/14_9.jpg,https://mikethemerchant.github.io/marketplaceimages/14_10.jpg,https://mikethemerchant.github.io/marketplaceimages/14_11.jpg",Draft,,
16,Leather Shoulder Holster - Fits 1911 .45 Pistol,"Classic leather shoulder holster designed to fit standard 1911 .45 pistols. Adjustable straps, durable leather, lightly used.",Sporting Goods ; Hunting ; Holsters,100,30,18614,"https://mikethemerchant.github.io/marketplaceimages/16_1.jpg,https://mikethemerchant.github.io/marketplaceimages/16_2.jpg,https://mikethemerchant.github.io/marketplaceimages/16_3.jpg,https://mikethemerchant.github.io/marketplaceimages/16_4.jpg,https://mikethemerchant.github.io/marketplaceimages/16_5.jpg,https://mikethemerchant.github.io/marketplaceimages/16_6.jpg,https://mikethemerchant.github.io/marketplaceimages/16_7.jpg,https://mikethemerchant.github.io/marketplaceimages/16_8.jpg",Draft,,
17,Brad / Finish Nail Gun - Air ,"Brad and finish nail gun in excellent condition. Great for woodworking, trim, and light construction.",Tools ; Power Tools ; Nail Guns,50,10,18614,"https://mikethemerchant.github.io/marketplaceimages/17_1.jpg,https://mikethemerchant.github.io/marketplaceimages/17_2.jpg,https://mikethemerchant.github.io/marketplaceimages/17_3.jpg,https://mikethemerchant.github.io/marketplaceimages/17_4.jpg,https://mikethemerchant.github.io/marketplaceimages/17_5.jpg,https://mikethemerchant.github.io/marketplaceimages/17_6.jpg,https://mikethemerchant.github.io/marketplaceimages/17_7.jpg,https://mikethemerchant.github.io/marketplaceimages/17_8.jpg,https://mikethemerchant.github.io/marketplaceimages/17_9.jpg,https://mikethemerchant.github.io/marketplaceimages/17_10.jpg,https://mikethemerchant.github.io/marketplaceimages/17_11.jpg,https://mikethemerchant.github.io/marketplaceimages/17_12.jpg,https://mikethemerchant.github.io/marketplaceimages/17_13.jpg,https://mikethemerchant.github.io/marketplaceimages/17_14.jpg",Draft,,
18,US Military Medium ALICE Pack - Olive Drab,"Genuine medium ALICE (All-Purpose Lightweight Individual Carrying Equipment) pack. Rugged design, great for camping, hunting, or survival gear.",Camping & Hiking ; Backpacks,55,10,18614,"https://mikethemerchant.github.io/marketplaceimages/18_1.jpg,https://mikethemerchant.github.io/marketplaceimages/18_2.jpg,https://mikethemerchant.github.io/marketplaceimages/18_3.jpg,https://mikethemerchant.github.io/marketplaceimages/18_4.jpg,https://mikethemerchant.github.io/marketplaceimages/18_5.jpg",Draft,,
22,Rockwell 3 Inch Electric Saw - Compact Power Tool,"Rockwell 3 inch compact electric saw in excellent condition. Great for cutting wood, tile, and light materials.",Tools ; Power Tools ; Saws,40,10,18614,"https://mikethemerchant.github.io/marketplaceimages/22_1.jpg,https://mikethemerchant.github.io/marketplaceimages/22_2.jpg,https://mikethemerchant.github.io/marketplaceimages/22_3.jpg,https://mikethemerchant.github.io/marketplaceimages/22_4.jpg,https://mikethemerchant.github.io/marketplaceimages/22_5.jpg",Draft,,
24,Stanley FatMax Portable Toolbox - Used,"Sturdy Stanley FatMax toolbox, portable and rugged. Some signs of use, but fully functional.",Tools ; Tool Storage ; Toolboxes,75,5,18614,"https://mikethemerchant.github.io/marketplaceimages/24_1.jpg,https://mikethemerchant.github.io/marketplaceimages/24_2.jpg,https://mikethemerchant.github.io/marketplaceimages/24_3.jpg,https://mikethemerchant.github.io/marketplaceimages/24_4.jpg,https://mikethemerchant.github.io/marketplaceimages/24_5.jpg,https://mikethemerchant.github.io/marketplaceimages/24_6.jpg,https://mikethemerchant.github.io/marketplaceimages/24_7.jpg",Draft,,
26,Mount Laurel Hiking Backpack - Large Capacity,"Mount Laurel hiking backpack, rugged design for long treks and camping trips. Excellent condition.",Camping & Hiking ; Backpacks,150,100,18614,"https://mikethemerchant.github.io/marketplaceimages/26_1.jpg,https://mikethemerchant.github.io/marketplaceimages/26_2.jpg",Draft,,
28,Mountain Laurel Design Silnylon Camping TarpWaterproof Shelter,"Ultralight silnylon tarp, great for backpacking and camping. Compact, waterproof, and in excellent condition.",Camping & Hiking ; Tents & Shelters,120,100,18614,"https://mikethemerchant.github.io/marketplaceimages/28_1.jpg,https://mikethemerchant.github.io/marketplaceimages/28_2.jpg",Draft,,
27,Mountain Laurel Design Bivi Bag - Camping/Survival Shelter,Military-style waterproof bivy bag. Excellent for ultralight camping or survival gear.,Camping & Hiking ; Sleeping Gear,100,75,18614,"https://mikethemerchant.github.io/marketplaceimages/27_1.jpg,https://mikethemerchant.github.io/marketplaceimages/27_2.jpg,https://mikethemerchant.github.io/marketplaceimages/27_3.jpg",Draft,,
29,Hammock Gear Lightweight Quilted Burrow Sleeping Bag - Camping/Hiking,"High-quality lightweight burrow-style sleeping bag. Warm, compact, and in like-new condition.",Camping & Hiking ; Sleeping Gear,120,50,18614,"https://mikethemerchant.github.io/marketplaceimages/29_1.jpg,https://mikethemerchant.github.io/marketplaceimages/29_2.jpg,https://mikethemerchant.github.io/marketplaceimages/29_3.jpg",Draft,,
30,Therm-a-Rest Ground Sleeping Pad - Like New,"Therm-a-Rest camping ground pad, great for insulation and comfort while sleeping outdoors.",Camping & Hiking ; Sleeping Gear,50,30,18614,"https://mikethemerchant.github.io/marketplaceimages/30_1.jpg,https://mikethemerchant.github.io/marketplaceimages/30_2.jpg",Draft,,
32,Vargo Titanium Cut Bot and Stove Kit Mug,"Vargo titanium cup, lightweight and durable for backpacking or camping. Like new.",Camping & Hiking ; Camp Kitchen ; Cookware,50,40,18614,"https://mikethemerchant.github.io/marketplaceimages/32_1.jpg,https://mikethemerchant.github.io/marketplaceimages/32_2.jpg,https://mikethemerchant.github.io/marketplaceimages/32_3.jpg,https://mikethemerchant.github.io/marketplaceimages/32_4.jpg,https://mikethemerchant.github.io/marketplaceimages/32_5.jpg,https://mikethemerchant.github.io/marketplaceimages/32_6.jpg,https://mikethemerchant.github.io/marketplaceimages/32_7.jpg",Draft,,
33,Sawyer Mini Water Filter - Compact Portable System,"Sawyer Mini water filtration system, small and lightweight. Excellent for backpacking, camping, and emergency use.",Camping & Hiking ; Water Filtration,20,10,18614,"https://mikethemerchant.github.io/marketplaceimages/33_1.jpg,https://mikethemerchant.github.io/marketplaceimages/33_2.jpg,https://mikethemerchant.github.io/marketplaceimages/33_3.jpg",Draft,,
34,Granite Gear Hiking Backpack - Lightweight & Rugged,"Granite Gear hiking backpack, large capacity, lightweight yet tough design. Great for backpacking and camping.",Camping & Hiking ; Backpacks,100,50,18614,"https://mikethemerchant.github.io/marketplaceimages/34_1.jpg,https://mikethemerchant.github.io/marketplaceimages/34_2.jpg,https://mikethemerchant.github.io/marketplaceimages/34_3.jpg",Draft,,
35,Outdoor Research Waterproof Rain Jacket and Rain pants - Outdoor Gear,"High-quality waterproof rain gear topand bottom. Lightweight and breathable, perfect for camping, hiking, and outdoor activities.",Camping & Hiking ; Clothing ; Rainwear,125,100,18614,"https://mikethemerchant.github.io/marketplaceimages/35_1.jpg,https://mikethemerchant.github.io/marketplaceimages/35_2.jpg,https://mikethemerchant.github.io/marketplaceimages/35_3.jpg,https://mikethemerchant.github.io/marketplaceimages/35_4.jpg,https://mikethemerchant.github.io/marketplaceimages/35_5.jpg,https://mikethemerchant.github.io/marketplaceimages/35_6.jpg,https://mikethemerchant.github.io/marketplaceimages/35_7.jpg,https://mikethemerchant.github.io/marketplaceimages/35_8.jpg,https://mikethemerchant.github.io/marketplaceimages/35_9.jpg,https://mikethemerchant.github.io/marketplaceimages/35_10.jpg,https://mikethemerchant.github.io/marketplaceimages/35_11.jpg",Draft,,
36,Netgear VPN Router - Secure Encrypted Internet Device,VPN router for private browsing and secure internet connections. Excellent condition.,Electronics ; Networking ; Routers,100,50,18614,"https://mikethemerchant.github.io/marketplaceimages/36_1.jpg,https://mikethemerchant.github.io/marketplaceimages/36_2.jpg,https://mikethemerchant.github.io/marketplaceimages/36_3.jpg,https://mikethemerchant.github.io/marketplaceimages/36_4.jpg",Draft,,
38,"Quadcopter Drone - HD Camera, Like New","Drone with HD camera, stable flight, and multiple functions. Great for beginners and hobby flyers.",Electronics ; Drones,125,75,18614,"https://mikethemerchant.github.io/marketplaceimages/38_1.jpg,https://mikethemerchant.github.io/marketplaceimages/38_2.jpg,https://mikethemerchant.github.io/marketplaceimages/38_3.jpg,https://mikethemerchant.github.io/marketplaceimages/38_4.jpg,https://mikethemerchant.github.io/marketplaceimages/38_5.jpg,https://mikethemerchant.github.io/marketplaceimages/38_6.jpg,https://mikethemerchant.github.io/marketplaceimages/38_7.jpg,https://mikethemerchant.github.io/marketplaceimages/38_8.jpg",Draft,,
39,Fanatec ClubSport Shifter SQ - Sim Racing Gear,"Fanatec ClubSport SQ shifter for racing simulators. High-quality build, excellent condition.",Electronics ; Video Game Accessories ; Racing Gear,450,350,18614,"https://mikethemerchant.github.io/marketplaceimages/39_1.jpg,https://mikethemerchant.github.io/marketplaceimages/39_2.jpg,https://mikethemerchant.github.io/marketplaceimages/39_3.jpg,https://mikethemerchant.github.io/marketplaceimages/39_4.jpg,https://mikethemerchant.github.io/marketplaceimages/39_5.jpg,https://mikethemerchant.github.io/marketplaceimages/39_6.jpg,https://mikethemerchant.github.io/marketplaceimages/39_7.jpg,https://mikethemerchant.github.io/marketplaceimages/39_8.jpg",Draft,,
40,"Fanatec Gran Turismo DD Pro Wheelbase, Boost Kit and Load Cell Brake kit","Fanatec GT Pro direct drive wheelbase, designed for sim racing. Powerful force feedback, like new.",Electronics ; Video Game Accessories ; Racing Gear,750,500,18614,"https://mikethemerchant.github.io/marketplaceimages/40_1.jpg,https://mikethemerchant.github.io/marketplaceimages/40_2.jpg,https://mikethemerchant.github.io/marketplaceimages/40_3.jpg,https://mikethemerchant.github.io/marketplaceimages/40_4.jpg,https://mikethemerchant.github.io/marketplaceimages/40_5.jpg,https://mikethemerchant.github.io/marketplaceimages/40_6.jpg,https://mikethemerchant.github.io/marketplaceimages/40_7.jpg,https://mikethemerchant.github.io/marketplaceimages/40_8.jpg,https://mikethemerchant.github.io/marketplaceimages/40_9.jpg,https://mikethemerchant.github.io/marketplaceimages/40_10.jpg,https://mikethemerchant.github.io/marketplaceimages/40_11.jpg,https://mikethemerchant.github.io/marketplaceimages/40_12.jpg,https://mikethemerchant.github.io/marketplaceimages/40_13.jpg,https://mikethemerchant.github.io/marketplaceimages/40_14.jpg,https://mikethemerchant.github.io/marketplaceimages/40_15.jpg,https://mikethemerchant.github.io/marketplaceimages/40_16.jpg,https://mikethemerchant.github.io/marketplaceimages/40_17.jpg,https://mikethemerchant.github.io/marketplaceimages/40_18.jpg,https://mikethemerchant.github.io/marketplaceimages/40_19.jpg,https://mikethemerchant.github.io/marketplaceimages/40_20.jpg,https://mikethemerchant.github.io/marketplaceimages/40_21.jpg,https://mikethemerchant.github.io/marketplaceimages/40_22.jpg,https://mikethemerchant.github.io/marketplaceimages/40_23.jpg,https://mikethemerchant.github.io/marketplaceimages/40_24.jpg,https://mikethemerchant.github.io/marketplaceimages/40_25.jpg,https://mikethemerchant.github.io/marketplaceimages/40_26.jpg,https://mikethemerchant.github.io/marketplaceimages/40_27.jpg,https://mikethemerchant.github.io/marketplaceimages/40_28.jpg",Draft,,
43,Next Level Racing Wheel Stand and Seat full cockpit,"Adjustable Next Level Racing wheel stand and chair cockpit, compatible with most racing wheels and pedals. Excellent for home sim setups.",Electronics ; Video Game Accessories ; Racing Gear,500,300,18614,"https://mikethemerchant.github.io/marketplaceimages/43_1.jpg,https://mikethemerchant.github.io/marketplaceimages/43_2.jpg,https://mikethemerchant.github.io/marketplaceimages/43_3.jpg,https://mikethemerchant.github.io/marketplaceimages/43_4.jpg,https://mikethemerchant.github.io/marketplaceimages/43_5.jpg,https://mikethemerchant.github.io/marketplaceimages/43_6.jpg,https://mikethemerchant.github.io/marketplaceimages/43_7.jpg,https://mikethemerchant.github.io/marketplaceimages/43_8.jpg,https://mikethemerchant.github.io/marketplaceimages/43_9.jpg",Draft,,
45,High-Performance Gaming PC - Like New,"Fully built gaming PC in excellent condition. Perfect for high-end gaming, streaming, and content creation.",Electronics ; Computers ; Desktops,1100,750,18614,"https://mikethemerchant.github.io/marketplaceimages/45_1.jpg,https://mikethemerchant.github.io/marketplaceimages/45_2.jpg,https://mikethemerchant.github.io/marketplaceimages/45_3.jpg,https://mikethemerchant.github.io/marketplaceimages/45_4.jpg,https://mikethemerchant.github.io/marketplaceimages/45_5.jpg,https://mikethemerchant.github.io/marketplaceimages/45_6.jpg,https://mikethemerchant.github.io/marketplaceimages/45_7.jpg,https://mikethemerchant.github.io/marketplaceimages/45_8.jpg,https://mikethemerchant.github.io/marketplaceimages/45_9.jpg,https://mikethemerchant.github.io/marketplaceimages/45_10.jpg,https://mikethemerchant.github.io/marketplaceimages/45_11.jpg,https://mikethemerchant.github.io/marketplaceimages/45_12.jpg,https://mikethemerchant.github.io/marketplaceimages/45_13.jpg,https://mikethemerchant.github.io/marketplaceimages/45_14.jpg",Draft,,
46,G-Force Professional Racing Helmet - Like New,"Full-face racing helmet, excellent for motorsport enthusiasts. Lightweight, safe, and well-maintained.",Sporting Goods ; Motorsports ; Helmets,600,350,18614,"https://mikethemerchant.github.io/marketplaceimages/46_1.jpg,https://mikethemerchant.github.io/marketplaceimages/46_2.jpg,https://mikethemerchant.github.io/marketplaceimages/46_3.jpg,https://mikethemerchant.github.io/marketplaceimages/46_4.jpg,https://mikethemerchant.github.io/marketplaceimages/46_5.jpg,https://mikethemerchant.github.io/marketplaceimages/46_6.jpg,https://mikethemerchant.github.io/marketplaceimages/46_7.jpg,https://mikethemerchant.github.io/marketplaceimages/46_8.jpg,https://mikethemerchant.github.io/marketplaceimages/46_9.jpg",Draft,,
47,"Sparco Motorsport Racing Shoes - Black, Like New","High-quality racing shoes in black. Lightweight, non-slip, and designed for maximum pedal feel.",Sporting Goods ; Motorsports ; Shoes,110,75,18614,"https://mikethemerchant.github.io/marketplaceimages/47_1.jpg,https://mikethemerchant.github.io/marketplaceimages/47_2.jpg,https://mikethemerchant.github.io/marketplaceimages/47_3.jpg,https://mikethemerchant.github.io/marketplaceimages/47_4.jpg,https://mikethemerchant.github.io/marketplaceimages/47_5.jpg,https://mikethemerchant.github.io/marketplaceimages/47_6.jpg",Draft,,
48,"Sparco Motorsport Racing Shoes - Red, Like New","Stylish red racing shoes. Lightweight, durable, and designed for performance on track or simulators.",Sporting Goods ; Motorsports ; Shoes,110,75,18614,"https://mikethemerchant.github.io/marketplaceimages/48_1.jpg,https://mikethemerchant.github.io/marketplaceimages/48_2.jpg,https://mikethemerchant.github.io/marketplaceimages/48_3.jpg,https://mikethemerchant.github.io/marketplaceimages/48_4.jpg,https://mikethemerchant.github.io/marketplaceimages/48_5.jpg,https://mikethemerchant.github.io/marketplaceimages/48_6.jpg,https://mikethemerchant.github.io/marketplaceimages/48_7.jpg",Draft,,
49,"Sparco Motorsport Racing Gloves, Socks, and Baclava - Black, Like New","High-quality black racing gloves. Comfortable fit, excellent grip, and perfect for track or sim racing.",Sporting Goods ; Motorsports ; Gloves,45,30,18614,"https://mikethemerchant.github.io/marketplaceimages/49_1.jpg,https://mikethemerchant.github.io/marketplaceimages/49_2.jpg,https://mikethemerchant.github.io/marketplaceimages/49_3.jpg,https://mikethemerchant.github.io/marketplaceimages/49_4.jpg,https://mikethemerchant.github.io/marketplaceimages/49_5.jpg,https://mikethemerchant.github.io/marketplaceimages/49_6.jpg,https://mikethemerchant.github.io/marketplaceimages/49_7.jpg,https://mikethemerchant.github.io/marketplaceimages/49_8.jpg,https://mikethemerchant.github.io/marketplaceimages/49_9.jpg,https://mikethemerchant.github.io/marketplaceimages/49_10.jpg,https://mikethemerchant.github.io/marketplaceimages/49_11.jpg,https://mikethemerchant.github.io/marketplaceimages/49_12.jpg,https://mikethemerchant.github.io/marketplaceimages/49_13.jpg,https://mikethemerchant.github.io/marketplaceimages/49_14.jpg",Draft,,
50,Sparco Professional Motorsport Racing Suit - Like New,"Full racing suit, fire-resistant, and in excellent condition. Ideal for motorsport enthusiasts or competitive racing.",Sporting Goods ; Motorsports ; Apparel,300,150,18614,"https://mikethemerchant.github.io/marketplaceimages/50_1.jpg,https://mikethemerchant.github.io/marketplaceimages/50_2.jpg,https://mikethemerchant.github.io/marketplaceimages/50_3.jpg,https://mikethemerchant.github.io/marketplaceimages/50_4.jpg,https://mikethemerchant.github.io/marketplaceimages/50_5.jpg,https://mikethemerchant.github.io/marketplaceimages/50_6.jpg,https://mikethemerchant.github.io/marketplaceimages/50_7.jpg",Draft,,
52,"Greathtek 4-Port KVM Switch - Share Keyboard, Video & Mouse","4-port KVM switch for controlling multiple computers with a single keyboard, monitor, and mouse. Excellent condition.",Electronics ; Networking & Peripherals ; Switches,40,20,18614,"https://mikethemerchant.github.io/marketplaceimages/52_1.jpg,https://mikethemerchant.github.io/marketplaceimages/52_2.jpg,https://mikethemerchant.github.io/marketplaceimages/52_3.jpg,https://mikethemerchant.github.io/marketplaceimages/52_4.jpg,https://mikethemerchant.github.io/marketplaceimages/52_5.jpg,https://mikethemerchant.github.io/marketplaceimages/52_6.jpg,https://mikethemerchant.github.io/marketplaceimages/52_7.jpg,https://mikethemerchant.github.io/marketplaceimages/52_8.jpg,https://mikethemerchant.github.io/marketplaceimages/52_9.jpg,https://mikethemerchant.github.io/marketplaceimages/52_10.jpg,https://mikethemerchant.github.io/marketplaceimages/52_11.jpg",Draft,,
53,Ergonomic Adjustable Monitor Mounts With Monitors,Adjustable monitor mounts for desk setups. Improve posture and save desk space.,Electronics ; Computers ; Monitors & Stands,150,75,18614,"https://mikethemerchant.github.io/marketplaceimages/53_1.jpg,https://mikethemerchant.github.io/marketplaceimages/53_2.jpg,https://mikethemerchant.github.io/marketplaceimages/53_3.jpg",Draft,,
54,FEZiBo Full Adjustable Sit-Stand Desk - Used,Height-adjustable desk for ergonomic workstations. Easily switch between sitting and standing.,Office Furniture ; Desks,200,75,18614,"https://mikethemerchant.github.io/marketplaceimages/54_1.jpg,https://mikethemerchant.github.io/marketplaceimages/54_2.jpg,https://mikethemerchant.github.io/marketplaceimages/54_3.jpg,https://mikethemerchant.github.io/marketplaceimages/54_4.jpg,https://mikethemerchant.github.io/marketplaceimages/54_5.jpg,https://mikethemerchant.github.io/marketplaceimages/54_6.jpg,https://mikethemerchant.github.io/marketplaceimages/54_7.jpg,https://mikethemerchant.github.io/marketplaceimages/54_8.jpg,https://mikethemerchant.github.io/marketplaceimages/54_9.jpg,https://mikethemerchant.github.io/marketplaceimages/54_10.jpg,https://mikethemerchant.github.io/marketplaceimages/54_11.jpg,https://mikethemerchant.github.io/marketplaceimages/54_12.jpg,https://mikethemerchant.github.io/marketplaceimages/54_13.jpg,https://mikethemerchant.github.io/marketplaceimages/54_14.jpg,https://mikethemerchant.github.io/marketplaceimages/54_15.jpg,https://mikethemerchant.github.io/marketplaceimages/54_16.jpg,https://mikethemerchant.github.io/marketplaceimages/54_17.jpg,https://mikethemerchant.github.io/marketplaceimages/54_18.jpg,https://mikethemerchant.github.io/marketplaceimages/54_19.jpg,https://mikethemerchant.github.io/marketplaceimages/54_20.jpg,https://mikethemerchant.github.io/marketplaceimages/54_21.jpg,https://mikethemerchant.github.io/marketplaceimages/54_22.jpg",Draft,,
55,Sealine Bag Survival kit - Used,"Durable Sealine bag, waterproof and versatile. Perfect for camping, boating, or travel.",Camping & Hiking ; Gear Storage & Bags,55,50,18614,"https://mikethemerchant.github.io/marketplaceimages/55_1.jpg,https://mikethemerchant.github.io/marketplaceimages/55_2.jpg,https://mikethemerchant.github.io/marketplaceimages/55_3.jpg,https://mikethemerchant.github.io/marketplaceimages/55_4.jpg,https://mikethemerchant.github.io/marketplaceimages/55_5.jpg,https://mikethemerchant.github.io/marketplaceimages/55_6.jpg,https://mikethemerchant.github.io/marketplaceimages/55_7.jpg,https://mikethemerchant.github.io/marketplaceimages/55_8.jpg,https://mikethemerchant.github.io/marketplaceimages/55_9.jpg,https://mikethemerchant.github.io/marketplaceimages/55_10.jpg,https://mikethemerchant.github.io/marketplaceimages/55_11.jpg,https://mikethemerchant.github.io/marketplaceimages/55_12.jpg,https://mikethemerchant.github.io/marketplaceimages/55_13.jpg,https://mikethemerchant.github.io/marketplaceimages/55_14.jpg,https://mikethemerchant.github.io/marketplaceimages/55_15.jpg,https://mikethemerchant.github.io/marketplaceimages/55_16.jpg,https://mikethemerchant.github.io/marketplaceimages/55_17.jpg,https://mikethemerchant.github.io/marketplaceimages/55_18.jpg,https://mikethemerchant.github.io/marketplaceimages/55_19.jpg,https://mikethemerchant.github.io/marketplaceimages/55_20.jpg",Draft,,
57,Pathfinder Spear Tip - Hunting & Survival,"High-quality Pathfinder spear tip. Ideal for hunting, bushcraft, or survival kits.",Sports & Outdoors ; Hunting Equipment,65,50,18614,"https://mikethemerchant.github.io/marketplaceimages/57_1.jpg,https://mikethemerchant.github.io/marketplaceimages/57_2.jpg,https://mikethemerchant.github.io/marketplaceimages/57_3.jpg,https://mikethemerchant.github.io/marketplaceimages/57_4.jpg,https://mikethemerchant.github.io/marketplaceimages/57_5.jpg,https://mikethemerchant.github.io/marketplaceimages/57_6.jpg,https://mikethemerchant.github.io/marketplaceimages/57_7.jpg,https://mikethemerchant.github.io/marketplaceimages/57_8.jpg,https://mikethemerchant.github.io/marketplaceimages/57_9.jpg,https://mikethemerchant.github.io/marketplaceimages/57_10.jpg,https://mikethemerchant.github.io/marketplaceimages/57_11.jpg,https://mikethemerchant.github.io/marketplaceimages/57_12.jpg,https://mikethemerchant.github.io/marketplaceimages/57_13.jpg,https://mikethemerchant.github.io/marketplaceimages/57_14.jpg",Draft,,
58,"Pathfinder Survival Knife - Full Tang, Used","Heavy-duty Pathfinder knife. Full tang, perfect for survival, camping, or bushcraft.",Sports & Outdoors ; Knives & Tools,350,250,18614,"https://mikethemerchant.github.io/marketplaceimages/58_1.jpg,https://mikethemerchant.github.io/marketplaceimages/58_2.jpg,https://mikethemerchant.github.io/marketplaceimages/58_3.jpg,https://mikethemerchant.github.io/marketplaceimages/58_4.jpg,https://mikethemerchant.github.io/marketplaceimages/58_5.jpg,https://mikethemerchant.github.io/marketplaceimages/58_6.jpg,https://mikethemerchant.github.io/marketplaceimages/58_7.jpg,https://mikethemerchant.github.io/marketplaceimages/58_8.jpg,https://mikethemerchant.github.io/marketplaceimages/58_9.jpg",Draft,,
60,Aluminum Ladder Jack,"Lightweight aluminum ladder jack device that attaches to the rungs of an extension ladder to support a plank or stage platform. Designed for use with either side of the ladder, supports wide planks (up to approx. 18″ wide) for painting, siding or other elevated work, and features angle adjustment for leveling the board. Example spec: 4.9 lb, supports ~250 lb load, 8 notch angle adjustment",Ladder / Scaffold Accessories ; Ladder Jacks,75,30,18614,"https://mikethemerchant.github.io/marketplaceimages/60_1.jpg,https://mikethemerchant.github.io/marketplaceimages/60_2.jpg,https://mikethemerchant.github.io/marketplaceimages/60_3.jpg,https://mikethemerchant.github.io/marketplaceimages/60_4.jpg",Draft,,
61,GEN4 PICE X4 M2 NVME SSD hard drive,"High-speed internal solid-state drive, M.2 form factor (typically 2280), uses PCIe 4.0 x4 interface with NVMe protocol for significantly faster sequential read/write rates (often ~7,000 MB/s reads on current models) compared to Gen 3 SSDs.",Computer Components ; Storage ; Internal SSDs (M.2 / NVMe),100,50,18614,"https://mikethemerchant.github.io/marketplaceimages/61_1.jpg,https://mikethemerchant.github.io/marketplaceimages/61_2.jpg,https://mikethemerchant.github.io/marketplaceimages/61_3.jpg",Draft,,
62,Cronus Zen and Zen Link,"Multi-platform controller emulation/mod adapter that allows using almost any controller, mouse or keyboard, on consoles (PS5, Xbox Series X|S, PS4, Xbox One, Nintendo Switch) and PC, along with scripting/macros support. WiFi-based expansion module for the Cronus Zen, enabling full PS5 support (Bluetooth & USB), adaptive triggers, haptic feedback, gyroscope, headset audio, etc, without needing the PC tether",Gaming Accessories ; Controller Adapters / Emulators,100,50,18614,"https://mikethemerchant.github.io/marketplaceimages/62_1.jpg,https://mikethemerchant.github.io/marketplaceimages/62_2.jpg,https://mikethemerchant.github.io/marketplaceimages/62_3.jpg,https://mikethemerchant.github.io/marketplaceimages/62_4.jpg,https://mikethemerchant.github.io/marketplaceimages/62_5.jpg,https://mikethemerchant.github.io/marketplaceimages/62_6.jpg",Draft,,
63,Logitech G413 SE Mechanical Gaming Keyboard,"Full-size wired mechanical gaming keyboard with tactile mechanical switches, durable PBT keycaps (heat & wear resistant), brushed aluminum-magnesium top case, white LED backlighting, 6-key rollover anti-ghosting.",Computer Components ; Input Devices ; Mechanical Keyboards,75,30,18614,"https://mikethemerchant.github.io/marketplaceimages/63_1.jpg,https://mikethemerchant.github.io/marketplaceimages/63_2.jpg,https://mikethemerchant.github.io/marketplaceimages/63_3.jpg,https://mikethemerchant.github.io/marketplaceimages/63_4.jpg",Draft,,
64,Logitech K400 Plus Wireless Touch Keyboard,"A wireless keyboard featuring a built-in touchpad, 2.4 GHz USB dongle (Logitech Unifying Receiver), media keys (mute/volume up/down), approx. 10 m wireless range, up to 18 months battery life (2×AA), compact “living-room” style for PC-to-TV or casual use.",Computer Accessories ; Keyboards ; Wireless with Touchpad,40,20,18614,"https://mikethemerchant.github.io/marketplaceimages/64_1.jpg,https://mikethemerchant.github.io/marketplaceimages/64_2.jpg,https://mikethemerchant.github.io/marketplaceimages/64_3.jpg,https://mikethemerchant.github.io/marketplaceimages/64_4.jpg",Draft,,
65,Pathfinder Journal The Bushcraft write in the rain,"A structured wilderness adventure journal from Dave Canterbury, with sections for gear inventory, conditions, observations, trip notes and improvements aimed at bushcraft and self-reliance outings",Outdoor Gear / Journals & Field Logs,75,50,18614,"https://mikethemerchant.github.io/marketplaceimages/65_1.jpg,https://mikethemerchant.github.io/marketplaceimages/65_2.jpg,https://mikethemerchant.github.io/marketplaceimages/65_3.jpg,https://mikethemerchant.github.io/marketplaceimages/65_4.jpg,https://mikethemerchant.github.io/marketplaceimages/65_5.jpg,https://mikethemerchant.github.io/marketplaceimages/65_6.jpg,https://mikethemerchant.github.io/marketplaceimages/65_7.jpg,https://mikethemerchant.github.io/marketplaceimages/65_8.jpg,https://mikethemerchant.github.io/marketplaceimages/65_9.jpg",Draft,,
66,Tomahawk Knife,Hunting knife,Tools Outdoors,40,20,18614,"https://mikethemerchant.github.io/marketplaceimages/66_1.jpg,https://mikethemerchant.github.io/marketplaceimages/66_2.jpg,https://mikethemerchant.github.io/marketplaceimages/66_3.jpg,https://mikethemerchant.github.io/marketplaceimages/66_4.jpg,https://mikethemerchant.github.io/marketplaceimages/66_5.jpg,https://mikethemerchant.github.io/marketplaceimages/66_6.jpg",Draft,,
67,Alien Gear 45 ISWB holster,"A hybrid IWB holster made by Alien Gear, designed specifically for the Glock-45 platform. Features include a custom-molded Boltaron shell, neoprene backer, adjustable ride height & cant, passive retention, and U.S. manufacturing.",Concealed Carry Gear ; Inside-Waistband Holsters,75,35,18614,"https://mikethemerchant.github.io/marketplaceimages/67_1.jpg,https://mikethemerchant.github.io/marketplaceimages/67_2.jpg,https://mikethemerchant.github.io/marketplaceimages/67_3.jpg,https://mikethemerchant.github.io/marketplaceimages/67_4.jpg,https://mikethemerchant.github.io/marketplaceimages/67_5.jpg,https://mikethemerchant.github.io/marketplaceimages/67_6.jpg",Draft,,
68,GOULD 45 OSWB holster,"Standard OWB leather holster from Gould & Goodrich (often part of the Gold Line or Low Profile series), designed for .45 ACP handgun platforms—top-grain leather, suede lining, belt loop slide attachment, open-top draw style",Concealed Carry Gear ; Outside-Waistband (OWB) Holsters,50,25,18614,"https://mikethemerchant.github.io/marketplaceimages/68_1.jpg,https://mikethemerchant.github.io/marketplaceimages/68_2.jpg,https://mikethemerchant.github.io/marketplaceimages/68_3.jpg,https://mikethemerchant.github.io/marketplaceimages/68_4.jpg,https://mikethemerchant.github.io/marketplaceimages/68_5.jpg,https://mikethemerchant.github.io/marketplaceimages/68_6.jpg,https://mikethemerchant.github.io/marketplaceimages/68_7.jpg",Draft,,
69,Thorogood Work Boots,"High‑quality American‑made leather work boots with Goodyear welt construction, MAXwear wedge or slip‑resistant outsoles, moc‑toe design, designed for heavy duty work environments",Shoes & Boots ; Work Boots,300,200,18614,"https://mikethemerchant.github.io/marketplaceimages/69_1.jpg,https://mikethemerchant.github.io/marketplaceimages/69_2.jpg,https://mikethemerchant.github.io/marketplaceimages/69_3.jpg,https://mikethemerchant.github.io/marketplaceimages/69_4.jpg,https://mikethemerchant.github.io/marketplaceimages/69_5.jpg,https://mikethemerchant.github.io/marketplaceimages/69_6.jpg,https://mikethemerchant.github.io/marketplaceimages/69_7.jpg,https://mikethemerchant.github.io/marketplaceimages/69_8.jpg,https://mikethemerchant.github.io/marketplaceimages/69_9.jpg",Draft,,
70,Osprey Stratos 24 Hiking pack,"Ventilated day‑hiking backpack with AirSpeed™ suspension, panel‑loading main compartment, integrated raincover, hydration sleeve, trekking‑pole loops & side stretch pockets",Outdoor Gear ; Backpacks ; Daypacks (24 L),180,75,18614,"https://mikethemerchant.github.io/marketplaceimages/70_1.jpg,https://mikethemerchant.github.io/marketplaceimages/70_2.jpg,https://mikethemerchant.github.io/marketplaceimages/70_3.jpg,https://mikethemerchant.github.io/marketplaceimages/70_4.jpg,https://mikethemerchant.github.io/marketplaceimages/70_5.jpg,https://mikethemerchant.github.io/marketplaceimages/70_6.jpg,https://mikethemerchant.github.io/marketplaceimages/70_7.jpg,https://mikethemerchant.github.io/marketplaceimages/70_8.jpg,https://mikethemerchant.github.io/marketplaceimages/70_9.jpg",Draft,,
71,Mora Knife,"Scandinavian fixed‑blade bushcraft/utility knife, typically with a stainless or carbon steel blade, full‑tang or partial‑tang, ergonomic handle (rubber or wood), included plastic or leather sheath. Popular for camping, bushcraft, and survival tasks.",Tools & Outdoors ; Knives / Fixed‑Blade Knives,50,25,18614,"https://mikethemerchant.github.io/marketplaceimages/71_1.jpg,https://mikethemerchant.github.io/marketplaceimages/71_2.jpg,https://mikethemerchant.github.io/marketplaceimages/71_3.jpg,https://mikethemerchant.github.io/marketplaceimages/71_4.jpg,https://mikethemerchant.github.io/marketplaceimages/71_5.jpg,https://mikethemerchant.github.io/marketplaceimages/71_6.jpg",Draft,,
72,Gossamer Gear Hipbelt with Pockets,"Replacement hipbelt for Gossamer Gear backpacks (e.g., Mariposa, Gorilla), featuring foam‑padded wrap, durable Robic fabric, size options (Small, Medium, Large) and zippered hip pockets for storage.",Outdoor Gear ; Backpack Accessories ; Replacement Hip Belts,35,20,18614,"https://mikethemerchant.github.io/marketplaceimages/72_1.jpg,https://mikethemerchant.github.io/marketplaceimages/72_2.jpg,https://mikethemerchant.github.io/marketplaceimages/72_3.jpg",Draft,,
73,Suunto Core watch,"Outdoor‑focused digital wristwatch featuring altimeter, barometer, compass, storm alarm, sunrise/sunset times, depth meter for snorkeling, durable composite case and elastomer strap",Watches ; Outdoor / ABC (Altimeter‑Barometer‑Compass) Watches,225,175,18614,"https://mikethemerchant.github.io/marketplaceimages/73_1.jpg,https://mikethemerchant.github.io/marketplaceimages/73_2.jpg,https://mikethemerchant.github.io/marketplaceimages/73_3.jpg,https://mikethemerchant.github.io/marketplaceimages/73_4.jpg,https://mikethemerchant.github.io/marketplaceimages/73_5.jpg,https://mikethemerchant.github.io/marketplaceimages/73_6.jpg,https://mikethemerchant.github.io/marketplaceimages/73_7.jpg,https://mikethemerchant.github.io/marketplaceimages/73_8.jpg,https://mikethemerchant.github.io/marketplaceimages/73_9.jpg",Draft,,
76,Outdoor Research Shirt,"Lightweight performance tee from Outdoor Research constructed with recycled polyester, moisture‑wicking fabric (ActiveTemp), chest pocket for daily carry, designed for active use and casual wear",Apparel ; Outdoor Shirts / T‑Shir,50,20,18614,"https://mikethemerchant.github.io/marketplaceimages/76_1.jpg,https://mikethemerchant.github.io/marketplaceimages/76_2.jpg,https://mikethemerchant.github.io/marketplaceimages/76_3.jpg,https://mikethemerchant.github.io/marketplaceimages/76_4.jpg,https://mikethemerchant.github.io/marketplaceimages/76_5.jpg",Draft,,
77,Mountain Hardwear MicroChill Hoody,"Lightweight performance fleece hoodie from Mountain Hardwear, made from 100% brushed recycled polyester, designed for everyday wear or layering on outdoor adventures.",Apparel ; Outdoor Hoodies,125,70,18614,"https://mikethemerchant.github.io/marketplaceimages/77_1.jpg,https://mikethemerchant.github.io/marketplaceimages/77_2.jpg,https://mikethemerchant.github.io/marketplaceimages/77_3.jpg,https://mikethemerchant.github.io/marketplaceimages/77_4.jpg,https://mikethemerchant.github.io/marketplaceimages/77_5.jpg",Draft,,
78,Mountain Hardwear down jacket,"Premium insulated down jacket featuring 700‑fill RDS®‑certified down, stretch‑woven fabric construction for enhanced mobility, adjustable hood and hem drawcord, zippered hand‑ and chest‑pockets — built for alpine/backcountry use",Outdoor Insulated Down Jackets,250,125,18614,"https://mikethemerchant.github.io/marketplaceimages/78_1.jpg,https://mikethemerchant.github.io/marketplaceimages/78_2.jpg,https://mikethemerchant.github.io/marketplaceimages/78_3.jpg,https://mikethemerchant.github.io/marketplaceimages/78_4.jpg",Draft,,
79,TONOR USB Microphone &Mount Kit,"Budget USB cardioid condenser microphone from TONOR, includes pop filter, shock mount/tripod, compatible with PC/streaming. Considered excellent value for voice‑over/streaming use.",Audio Equipment ; USB Condenser Microphones & Mount Kits,50,30,18614,"https://mikethemerchant.github.io/marketplaceimages/79_1.jpg,https://mikethemerchant.github.io/marketplaceimages/79_2.jpg,https://mikethemerchant.github.io/marketplaceimages/79_3.jpg,https://mikethemerchant.github.io/marketplaceimages/79_4.jpg,https://mikethemerchant.github.io/marketplaceimages/79_5.jpg,https://mikethemerchant.github.io/marketplaceimages/79_6.jpg,https://mikethemerchant.github.io/marketplaceimages/79_7.jpg,https://mikethemerchant.github.io/marketplaceimages/79_8.jpg,https://mikethemerchant.github.io/marketplaceimages/79_9.jpg",Draft,,
80,Thrustmaster T.flight Hotas 4 Joystick and Throttle,"Combo flight‑stick and throttle unit featuring 12 action buttons, 5 axes, dual‑rudder system (via joystick twist or lever), detachable full‑size throttle, weighted base for stability, “plug & play” for PS4 and PC.",Gaming Accessories ; Flight Simulation Controllers ; Joystick & Throttle (HOTAS),75,30,18614,"https://mikethemerchant.github.io/marketplaceimages/80_1.jpg,https://mikethemerchant.github.io/marketplaceimages/80_2.jpg,https://mikethemerchant.github.io/marketplaceimages/80_3.jpg,https://mikethemerchant.github.io/marketplaceimages/80_4.jpg,https://mikethemerchant.github.io/marketplaceimages/80_5.jpg,https://mikethemerchant.github.io/marketplaceimages/80_6.jpg,https://mikethemerchant.github.io/marketplaceimages/80_7.jpg,https://mikethemerchant.github.io/marketplaceimages/80_8.jpg",Draft,,
81,Lenox Hole Saw Kit,"Bi‑metal hole saw kit by LENOX featuring 9 hole saws, 2 arbors, and 2 pilot bits in a hard case. Designed for wood and metal applications with Speed‑Slot plug removal system",Tools & Outdoors ; Drill & Hole Saw Accessories,75,30,18614,"https://mikethemerchant.github.io/marketplaceimages/81_1.jpg,https://mikethemerchant.github.io/marketplaceimages/81_2.jpg,https://mikethemerchant.github.io/marketplaceimages/81_3.jpg,https://mikethemerchant.github.io/marketplaceimages/81_4.jpg,https://mikethemerchant.github.io/marketplaceimages/81_5.jpg,https://mikethemerchant.github.io/marketplaceimages/81_6.jpg,https://mikethemerchant.github.io/marketplaceimages/81_7.jpg,https://mikethemerchant.github.io/marketplaceimages/81_8.jpg,https://mikethemerchant.github.io/marketplaceimages/81_9.jpg,https://mikethemerchant.github.io/marketplaceimages/81_10.jpg,https://mikethemerchant.github.io/marketplaceimages/81_11.jpg",Draft,,
82,Rich Dad Poor dad books,"A set of titles by Robert T. Kiyosaki covering foundational financial literacy: asset vs liability, entrepreneurship mind‑set, investing basics. Includes the seminal Rich Dad Poor Dad",Personal Finance & Self‑Help,20,10,18614,"https://mikethemerchant.github.io/marketplaceimages/82_1.jpg,https://mikethemerchant.github.io/marketplaceimages/82_2.jpg,https://mikethemerchant.github.io/marketplaceimages/82_3.jpg,https://mikethemerchant.github.io/marketplaceimages/82_4.jpg,https://mikethemerchant.github.io/marketplaceimages/82_5.jpg,https://mikethemerchant.github.io/marketplaceimages/82_6.jpg,https://mikethemerchant.github.io/marketplaceimages/82_7.jpg,https://mikethemerchant.github.io/marketplaceimages/82_8.jpg,https://mikethemerchant.github.io/marketplaceimages/82_9.jpg,https://mikethemerchant.github.io/marketplaceimages/82_10.jpg,https://mikethemerchant.github.io/marketplaceimages/82_11.jpg",Draft,,
83,Toyota Manufacturing books,"A curated set of titles focused on the manufacturing system and operational excellence of Toyota Motor Corporation, including lean production, continuous improvement, Just‑In‑Time, and the Toyota Production System.",Books ; Business / Manufacturing / Lean Management,20,10,18614,"https://mikethemerchant.github.io/marketplaceimages/83_1.jpg,https://mikethemerchant.github.io/marketplaceimages/83_2.jpg,https://mikethemerchant.github.io/marketplaceimages/83_3.jpg,https://mikethemerchant.github.io/marketplaceimages/83_4.jpg,https://mikethemerchant.github.io/marketplaceimages/83_5.jpg,https://mikethemerchant.github.io/marketplaceimages/83_6.jpg,https://mikethemerchant.github.io/marketplaceimages/83_7.jpg,https://mikethemerchant.github.io/marketplaceimages/83_8.jpg,https://mikethemerchant.github.io/marketplaceimages/83_9.jpg",Draft,,
84,Jim Cramer Stock trading books,"A collection of books by Jim Cramer covering stock‑market strategy, trading psychology, and investment wisdom.",Books ; Investing & Stock Market,20,10,18614,"https://mikethemerchant.github.io/marketplaceimages/84_1.jpg,https://mikethemerchant.github.io/marketplaceimages/84_2.jpg,https://mikethemerchant.github.io/marketplaceimages/84_3.jpg,https://mikethemerchant.github.io/marketplaceimages/84_4.jpg,https://mikethemerchant.github.io/marketplaceimages/84_5.jpg,https://mikethemerchant.github.io/marketplaceimages/84_6.jpg",Draft,,
85,Self development books,"A curated set of books focused on personal growth, motivation, productivity, and life skills.",Books ; Self‑Help / Personal Development,20,10,18614,"https://mikethemerchant.github.io/marketplaceimages/85_1.jpg,https://mikethemerchant.github.io/marketplaceimages/85_2.jpg,https://mikethemerchant.github.io/marketplaceimages/85_3.jpg,https://mikethemerchant.github.io/marketplaceimages/85_4.jpg,https://mikethemerchant.github.io/marketplaceimages/85_5.jpg,https://mikethemerchant.github.io/marketplaceimages/85_6.jpg,https://mikethemerchant.github.io/marketplaceimages/85_7.jpg",Draft,,
86,Airbrush books,"A collection of instructional books covering airbrush techniques for beginners and advanced artists. Topics may include painting vehicles, models, fine art, and special effects, with step‑by‑step tutorials, project ideas, and tool/equipment guides.",Books ; Arts & Crafts / Airbrushing,20,10,18614,"https://mikethemerchant.github.io/marketplaceimages/86_1.jpg,https://mikethemerchant.github.io/marketplaceimages/86_2.jpg,https://mikethemerchant.github.io/marketplaceimages/86_3.jpg,https://mikethemerchant.github.io/marketplaceimages/86_4.jpg,https://mikethemerchant.github.io/marketplaceimages/86_5.jpg,https://mikethemerchant.github.io/marketplaceimages/86_6.jpg,https://mikethemerchant.github.io/marketplaceimages/86_7.jpg",Draft,,
87,Tom Brown Jr. Complete Book Series,"Full set of Tom Brown Jr.’s works covering wilderness tracking, survival, nature awareness, bushcraft, and primitive skills. Includes seminal titles such as The Tracker, The Tracker Field Guide, The Search, The Quest, The Guide, and other companion volumes. Ideal for outdoor enthusiasts, survivalists, and students of naturalist skills.",Books ; Outdoors / Tracking & Survival / Nature Skills,200,150,18614,"https://mikethemerchant.github.io/marketplaceimages/87_1.jpg,https://mikethemerchant.github.io/marketplaceimages/87_2.jpg,https://mikethemerchant.github.io/marketplaceimages/87_3.jpg,https://mikethemerchant.github.io/marketplaceimages/87_4.jpg,https://mikethemerchant.github.io/marketplaceimages/87_5.jpg,https://mikethemerchant.github.io/marketplaceimages/87_6.jpg,https://mikethemerchant.github.io/marketplaceimages/87_7.jpg,https://mikethemerchant.github.io/marketplaceimages/87_8.jpg,https://mikethemerchant.github.io/marketplaceimages/87_9.jpg,https://mikethemerchant.github.io/marketplaceimages/87_10.jpg,https://mikethemerchant.github.io/marketplaceimages/87_11.jpg,https://mikethemerchant.github.io/marketplaceimages/87_12.jpg,https://mikethemerchant.github.io/marketplaceimages/87_13.jpg,https://mikethemerchant.github.io/marketplaceimages/87_14.jpg,https://mikethemerchant.github.io/marketplaceimages/87_15.jpg,https://mikethemerchant.github.io/marketplaceimages/87_16.jpg",Draft,,
88,Survival / Bushcraft Book Set,"A collection of books covering survival techniques, bushcraft, wilderness skills, emergency preparedness, and primitive living",Outdoors / Survival Skills / Bushcraft,20,10,18614,"https://mikethemerchant.github.io/marketplaceimages/88_1.jpg,https://mikethemerchant.github.io/marketplaceimages/88_2.jpg,https://mikethemerchant.github.io/marketplaceimages/88_3.jpg,https://mikethemerchant.github.io/marketplaceimages/88_4.jpg,https://mikethemerchant.github.io/marketplaceimages/88_5.jpg,https://mikethemerchant.github.io/marketplaceimages/88_6.jpg,https://mikethemerchant.github.io/marketplaceimages/88_7.jpg,https://mikethemerchant.github.io/marketplaceimages/88_8.jpg,https://mikethemerchant.github.io/marketplaceimages/88_9.jpg,https://mikethemerchant.github.io/marketplaceimages/88_10.jpg",Draft,,
89,Army Surplus Bag with 100% Wool Clothes,"Bag containing assorted army surplus clothing items made from 100% wool. May include sweaters, coats, blankets, or pants. Suitable for cold-weather use, camping, or outdoor activities. Condition may vary; items are typically vintage or surplus stock.",Apparel & Gear ; Military / Army Surplus,40,10,18614,"https://mikethemerchant.github.io/marketplaceimages/89_1.jpg,https://mikethemerchant.github.io/marketplaceimages/89_2.jpg,https://mikethemerchant.github.io/marketplaceimages/89_3.jpg,https://mikethemerchant.github.io/marketplaceimages/89_4.jpg,https://mikethemerchant.github.io/marketplaceimages/89_5.jpg,https://mikethemerchant.github.io/marketplaceimages/89_6.jpg,https://mikethemerchant.github.io/marketplaceimages/89_7.jpg,https://mikethemerchant.github.io/marketplaceimages/89_8.jpg,https://mikethemerchant.github.io/marketplaceimages/89_9.jpg",Draft,,
